"page_name"	"created"	"len"	"smp"
"A Non Smoking Generation"	2014	218	"nonsmokinggeneration-735430619843869"
"Act Svenska kyrkan"	2014	32	"actsvenskakyrkan-578882045570764"
"ActionAid Sweden"	2014	145	"ActionAidSweden-10152909408848361"
"Afrikagrupperna"	2014	258	"Afrikagrupperna-10154748775635696"
"Ågrenska"	2014	38	"agrenska.se-985734418121090"
"Alzheimerfonden"	2014	106	"Alzheimerfonden-10152820824595786"
"Amnesty International Sverige"	2014	114	"AmnestySverige-10152812828874788"
"Amref Flying Doctors Sverige"	2014	17	"AMREFNordic-10152281747929809"
"Anhörigas Riksförbund"	2014	75	"AnhorigasRiksforbund-405567196249302"
"Astma- och Allergiförbundet"	2014	159	"astmaallergiforbundet-830860683609591"
"Autism- och Aspergerförbundet"	2014	253	"autismaspergersverige-677627678978213"
"Barncancerfonden"	2014	104	"barncancerfonden-10152965968156388"
"Barndiabetesfonden"	2014	56	"barndiabetesfonden-10203176689521860"
"Barnfonden"	2014	111	"Barnfonden-734237403265617"
"Berättarministeriet"	2014	58	"berattarministeriet-818934304834951"
"BirdLife Sverige"	2014	18	"BirdLifeSverige-10152921597812766"
"Blomsterfonden"	2014	39	"Blomsterfonden-734683126611781"
"BRIS: Barnens Rätt I Samhället"	2014	97	"BRIS-10152438357250039"
"Bröstcancerförbundet"	2014	144	"brostcancerforbundet-261877300689703"
"Cancer- och Allergifonden"	2014	66	"cancerochallergifonden-620851104701460"
"Cancerfonden"	2014	119	"cancerfonden-10152629959860939"
"Cancerrehabfonden"	2014	73	"CancerRehabFonden-442885869185033"
"Childhood"	2014	61	"childhoodsverige-984123238269931"
"Clowner utan Gränser"	2014	71	"ClownerutanGranser-729197880470183"
"Diabetesfonden"	2014	23	"Diabetesfonden-10152306692622033"
"Diakonia"	2014	196	"diakonia.se-10153034335470260"
"Djurens Rätt"	2014	154	"djurensratt-10152696682048633"
"Djurskyddet Sverige"	2014	39	"djurskyddet-10152438197620890"
"ECPAT Sverige"	2014	78	"EcpatSverige-759903170694926"
"Emmaus Stockholm"	2014	52	"emmausstockholm-10152154584608392"
"Erikshjälpen"	2014	309	"Erikshjalpen-798149633549217"
"Eskilstuna Stadsmission"	2014	14	"eskilstunastadsmission-428647423956077"
"Fairtrade Sverige"	2014	227	"FairtradeSverige-10152225579652674"
"Fonden för psykisk hälsa"	2014	64	"fondenforpsykiskhalsa-633678846701282"
"Föreningen Furuboda"	2014	82	"foreningenfuruboda-711471878899651"
"Forska Utan Djurförsök"	2014	130	"forskautandjurforsok-10152394020029820"
"Frälsningsarmén"	2014	51	"fralsningsarmen-829068613802657"
"Freezonen<tcomma> Kvinno-Tjej-och Brottsofferjour"	2014	58	"FreezonenKvinnoTjejochBrottsofferjour-531320690306353"
"Friends"	2014	88	"StiftelsenFriends-840878799280153"
"Friluftsfrämjandet"	2014	98	"Friluftsframjandet-10152873594067207"
"Frisk & Fri - Riksföreningen mot ätstörningar"	2014	278	"friskfri-722256911142314"
"FRYSHUSET"	2014	228	"fryshuset-10152183899691449"
"GambiaGrupperna - Future In Our Hands"	2014	4	"gambiagrupperna-10152888721432518"
"Göteborgs Stadsmission"	2014	79	"GbgStadsmission-799564223402094"
"Håll Sverige Rent"	2014	110	"hallsverigerent-10152203427607477"
"Hela Människan"	2014	66	"hela.manniskan-772810049463431"
"Hjärnfonden"	2014	175	"hjarnfonden-10153919781260341"
"Hjärt-Lungfonden"	2014	85	"hjartlungfonden-10152713431658320"
"Hjärtebarnsfonden"	2014	128	"Hjartebarnsfonden-10152575848289992"
"Hörselskadades Riksförbund (HRF)"	2014	160	"HRFriks-743250055730566"
"Human Bridge"	2014	102	"humanbridge.se-572113912895308"
"IM Individuell Människohjälp"	2014	132	"imsweden.org-378402782316056"
"IndianChildren"	2014	9	"indianchildren-807564465938861"
"Insamlingsstiftelsen Choice"	2014	46	"insamlingsstiftelsenchoice-835399979806555"
"IOGT-NTO"	2014	258	"iogtnto-10152608350781289"
"Islamic Relief Sverige"	2014	170	"IslamicReliefSverige-708152625886668"
"Kalmar Stadsmission"	2014	22	"kalmarstadsmission-684105404984977"
"KFUM Sverige"	2014	249	"kfumsverige-645409342195905"
"Kristna Fredsrörelsen<tcomma> Swefor"	2014	199	"kristnafreds-628998123831232"
"Kvinna till Kvinna"	2014	298	"kvinnatillkvinna-10153261037597837"
"Läkare i världen (Médecins du Monde Sweden)"	2014	52	"lakareivarlden-770808899631475"
"Läkare Utan Gränser/ Médecins sans Frontières (MSF Sweden)"	2014	76	"lakareutangranser-10152198798235787"
"Läkarmissionen"	2014	44	"Lakarmissionen-675942269170738"
"Lepramissionen Sverige"	2014	30	"Lepramissionen-769671803052658"
"Lilla barnets fond"	2014	39	"lillabarnet-10152039318087799"
"Linköpings Stadsmission"	2014	172	"linkopingsstadsmission.fb-744191822324585"
"MÄN"	2014	207	"organisationen.man-10152033013256849"
"Mattecentrum"	2014	148	"Mattecentrum-10152195487228162"
"Mentor Sverige"	2014	179	"mentorsverige-10152615608908362"
"Mercy Ships"	2014	64	"MercyShips-10152072059374900"
"Min Stora Dag"	2014	78	"minstoradag-10153724716020582"
"Mind"	2014	193	"mindsweden-483818515052898"
"Missing People Sweden"	2014	2	"MPSweden-854010117962620"
"Muslim Aid Sweden"	2014	101	"MuslimAidSE-1509764615945657"
"MyRight- Empowers people with disabilities"	2014	32	"myrightse-641980232586479"
"Naturarvet"	2014	17	"Naturarvet-795267917153608"
"Naturskyddsföreningen"	2014	133	"naturskyddsforeningen-10152386003311609"
"Neuroförbundet"	2014	504	"neurosweden-712648445497151"
"New Hope<tcomma> Reseindustrins Barnfond"	2014	78	"reseindustrinsbarnfond-737395556340051"
"New Life Mission"	2014	45	"newlifemissionkenya-827688613923515"
"Njurfonden"	2014	12	"Njurfonden-1583765681839448"
"Nordens Ark"	2014	5	"Nordensark-739809889410690"
"Nordisk Hjälp (Nordic Aid)"	2014	33	"nhjalp-748399421874254"
"Operation Smile Sverige"	2014	84	"operationsmilesverige-698647483491136"
"Oxfam Sverige"	2014	33	"oxfamsverige-393996310740376"
"Palestinagrupperna i Sverige"	2014	137	"palestinagrupperna-10152288147505079"
"Parasport Sverige"	2014	14	"parasportSWE-807834539282826"
"Peace Parks Foundation Sweden"	2014	29	"PeaceParksFoundationSweden-631293333651116"
"Plan International Sverige"	2014	56	"PlanSverige-10152970968352004"
"PMU Interlife"	2014	112	"PMUfb-10152416115400767"
"Prostatacancerförbundet"	2014	56	"prostatacancerforbundetsverige-735676079818715"
"Psoriasisförbundet"	2014	99	"Psoriasisforbundet-10152910132462009"
"Rädda Barnen"	2014	222	"raddabarnen-10152454257646794"
"Räddningsmissionen"	2014	114	"raddningsmissionen-732792216733489"
"Radiumhemmets Forskningsfonder"	2014	12	"radiumhemmetsforskningsfonder-727829193959819"
"Raoul Wallenberg Academy"	2014	62	"RaoulWallenbergAcademy-687857131285889"
"RBU"	2014	167	"rburiks-285287191627411"
"Reach for Change"	2014	88	"reachforchangeorg-761558237244511"
"Reumatikerförbundet"	2014	234	"Reumatikerforbundet-765516416821241"
"RFSL"	2014	260	"rfsl.forbundet-10152346723567301"
"RFSU"	2014	225	"rfsu.se-842006132496100"
"Right Livelihood Foundation"	2014	140	"rightlivelihood-10153114185444879"
"Riksförbundet FUB"	2014	259	"riksforbundet.fub-745771548806372"
"Riksförbundet HjärtLung"	2014	305	"RiksforbundetHjartLung-10201384056431539"
"Röda Korset"	2014	141	"rodakorset-866814533349175"
"Save the Orangutan-Sverige"	2014	51	"savetheorangutan.sverige-725903950763116"
"Schizofreniförbundet"	2014	2	"schizofreniforbundet-882670125111143"
"Scouterna"	2014	247	"scouterna-10153028349924392"
"Sjöräddningssällskapet"	2014	308	"sjoraddning-10152216884673939"
"Skåne Stadsmission"	2014	80	"skanestadsmission-789385137775494"
"SOS Barnbyar"	2014	188	"sosbarnbyar-10151944860462826"
"Sportfiskarna"	2014	25	"Sportfiskarna-536425039808128"
"Star for Life"	2014	41	"starforlifeofficial-10152060982259576"
"Stiftelsen Läxhjälpen"	2014	80	"Laxhjalpen-860248090655782"
"Stockholms Stadsmission"	2014	113	"stadsmissionen-10152227796573071"
"Suicide Zero"	2014	218	"suicidezero-686292218100136"
"Svenska Afghanistankommittén"	2014	277	"Afghanistankommitten-10152687854102860"
"Svenska Celiakiförbundet"	2014	121	"celiakiforbundet-10152041418667928"
"Svenska FN-förbundet"	2014	88	"FNforbundet-10152368623340825"
"Svenska Freds- och Skiljedomsföreningen"	2014	291	"svenskafreds-10151928959747687"
"Svenska Hästars Värn"	2014	62	"SvenskaHastarsVarn-769921353098038"
"Svenska Läkare mot Kärnvapen"	2014	154	"SLMK.1981-1026088177407009"
"Svenska Livräddningssällskapet"	2014	130	"svenskalivraddningssallskapet-702688386445301"
"Sverige för UNHCR"	2014	102	"sverigeforunhcr-813591788686016"
"Teach For Sweden"	2014	45	"TeachForSweden-512877718829589"
"Teskedsorden"	2014	258	"Teskedsorden-753654691341855"
"The Hunger Project Sverige"	2014	61	"thehungerprojectse-970056819687397"
"The Perfect World Foundation"	2014	210	"ThePerfectWorld-870539486289609"
"Tjejzonen"	2014	103	"Tjejzonen-10152777469598569"
"Tostan Sverige"	2014	25	"tostansverige-741137529243909"
"Ung Cancer"	2014	21	"ungcancer-798118690252460"
"Uppsala Stadsmission"	2014	76	"uppsalastadsmission-795476970497854"
"Världsnaturfonden WWF"	2014	111	"VarldsnaturfondenWWF-10152350221414530"
"Västerås stadsmission"	2014	46	"vasterasstadsmission-620561741344974"
"Vi-skogen"	2014	69	"viskogen-10152302263437211"
"WaterAid Sverige"	2014	148	"wateraidswe-10152821757039307"
"We Effect"	2014	139	"weeffect-10152092225364823"
"Wikimedia Sverige"	2014	75	"WikimediaSverige-10152348440432876"
"World Animal Protection Sverige"	2014	140	"WorldAnimalProtectionSverige-821902714499640"
"World<squote>s Children<squote>s Prize"	2014	38	"worldschildrensprize-589830914424962"
"A Non Smoking Generation"	2015	234	"nonsmokinggeneration-893036244083305"
"Act Svenska kyrkan"	2015	117	"actsvenskakyrkan-715068498618784"
"ActionAid Sweden"	2015	73	"ActionAidSweden-10153388904048361"
"Afrikagrupperna"	2015	247	"Afrikagrupperna-10155147536010696"
"Ågrenska"	2015	112	"agrenska.se-1094310463930151"
"Alzheimerfonden"	2015	183	"Alzheimerfonden-10153680384820786"
"Amnesty International Sverige"	2015	96	"AmnestySverige-10153607852539788"
"Amref Flying Doctors Sverige"	2015	12	"AMREFNordic-1127762547236619"
"Anhörigas Riksförbund"	2015	101	"AnhorigasRiksforbund-526677780804909"
"Astma- och Allergiförbundet"	2015	188	"astmaallergiforbundet-1050403104988680"
"Autism- och Aspergerförbundet"	2015	278	"autismaspergersverige-814373421970304"
"Barncancerfonden"	2015	174	"barncancerfonden-10153483861521388"
"Barndiabetesfonden"	2015	55	"barndiabetesfonden-989507387757800"
"Barnfonden"	2015	109	"Barnfonden-977968168892538"
"Barnrättsbyrån"	2015	63	"barnrattsbyransverige-339364569587739"
"Berättarministeriet"	2015	185	"berattarministeriet-1053646251363754"
"BirdLife Sverige"	2015	66	"BirdLifeSverige-10153666417927766"
"Blomsterfonden"	2015	90	"Blomsterfonden-886670518079707"
"BRIS: Barnens Rätt I Samhället"	2015	123	"BRIS-10153819863980039"
"Bröstcancerförbundet"	2015	149	"brostcancerforbundet-386260054918093"
"Cancer- och Allergifonden"	2015	259	"cancerochallergifonden-843321632454405"
"Cancerfonden"	2015	96	"cancerfonden-10152827211310939"
"Cancerrehabfonden"	2015	113	"CancerRehabFonden-638593822947569"
"Childhood"	2015	162	"childhoodsverige-1205854306096822"
"Clowner utan Gränser"	2015	202	"ClownerutanGranser-984669494923019"
"Diabetesfonden"	2015	116	"Diabetesfonden-749436081856097"
"Diakonia"	2015	180	"diakonia.se-10154410112225260"
"Djurens Rätt"	2015	425	"djurensratt-10153401831733633"
"Djurskyddet Sverige"	2015	84	"djurskyddet-10153400188645890"
"ECPAT Sverige"	2015	40	"EcpatSverige-1068540733164500"
"Emmaus Stockholm"	2015	161	"emmausstockholm-10153329681028392"
"Erikshjälpen"	2015	256	"Erikshjalpen-940601859303993"
"Eskilstuna Stadsmission"	2015	132	"eskilstunastadsmission-492331810920971"
"Fairtrade Sverige"	2015	130	"FairtradeSverige-1056017904424109"
"Fonden för psykisk hälsa"	2015	35	"fondenforpsykiskhalsa-765564366846062"
"Föräldralösa Barn"	2015	67	"foraldralosabarn-726074827496445"
"Föreningen Furuboda"	2015	81	"foreningenfuruboda-857654370948067"
"Forska Utan Djurförsök"	2015	67	"forskautandjurforsok-10153090560199820"
"Frälsningsarmén"	2015	148	"fralsningsarmen-931296873579830"
"Freezonen<tcomma> Kvinno-Tjej-och Brottsofferjour"	2015	28	"FreezonenKvinnoTjejochBrottsofferjour-666693413435746"
"Friends"	2015	95	"StiftelsenFriends-979522075415824"
"Friluftsfrämjandet"	2015	196	"Friluftsframjandet-10153492773437207"
"Frisk & Fri - Riksföreningen mot ätstörningar"	2015	272	"friskfri-447154112137661"
"FRYSHUSET"	2015	174	"fryshuset-10156069922875048"
"GambiaGrupperna - Future In Our Hands"	2015	1	"gambiagrupperna-10153162691832518"
"Göteborgs Stadsmission"	2015	107	"GbgStadsmission-972177792807402"
"Håll Sverige Rent"	2015	101	"hallsverigerent-10152815837022477"
"Hela Människan"	2015	115	"hela.manniskan-849657195112049"
"Hjärnfonden"	2015	299	"hjarnfonden-10152784848913811"
"Hjärt-Lungfonden"	2015	134	"hjartlungfonden-10153380694158320"
"Hjärtebarnsfonden"	2015	13	"Hjartebarnsfonden-933878386664210"
"Hörselskadades Riksförbund (HRF)"	2015	202	"HRFriks-887540734634830"
"Human Bridge"	2015	115	"humanbridge.se-711387718967926"
"IM Individuell Människohjälp"	2015	359	"imsweden.org-538604792962520"
"IndianChildren"	2015	25	"indianchildren-1146840208677950"
"Insamlingsstiftelsen Choice"	2015	43	"insamlingsstiftelsenchoice-1120190367994180"
"IOGT-NTO"	2015	310	"iogtnto-10153079926601289"
"Islamic Relief Sverige"	2015	243	"IslamicReliefSverige-845770635458199"
"Jontefonden"	2015	38	"jontefonden-533793346772939"
"Kalmar Stadsmission"	2015	86	"kalmarstadsmission-903994559662726"
"KFUM Sverige"	2015	115	"kfumsverige-878579312212239"
"Kristna Fredsrörelsen<tcomma> Swefor"	2015	159	"kristnafreds-827091220705683"
"Kvinna till Kvinna"	2015	268	"kvinnatillkvinna-10154278704682501"
"Läkare i världen (Médecins du Monde Sweden)"	2015	53	"lakareivarlden-925294350849595"
"Läkare Utan Gränser/ Médecins sans Frontières (MSF Sweden)"	2015	11	"lakareutangranser-10152756387620787"
"Läkarmissionen"	2015	140	"Lakarmissionen-700709516694013"
"Lepramissionen Sverige"	2015	40	"Lepramissionen-952605548092615"
"Lilla barnets fond"	2015	49	"lillabarnet-10155697060565402"
"Linköpings Stadsmission"	2015	312	"linkopingsstadsmission.fb-912469008830198"
"MÄN"	2015	210	"organisationen.man-926022074111238"
"Mattecentrum"	2015	229	"Mattecentrum-1002485179808117"
"Mentor Sverige"	2015	131	"mentorsverige-757177471026854"
"Mercy Ships"	2015	219	"MercyShips-10152871221049900"
"Min Stora Dag"	2015	159	"minstoradag-950708884978114"
"Mind"	2015	117	"mindsweden-665000353601379"
"Missing People Sweden"	2015	3	"MPSweden-1044178375612459"
"Muslim Aid Sweden"	2015	225	"MuslimAidSE-1564686547120130"
"MyRight- Empowers people with disabilities"	2015	54	"myrightse-858154410969059"
"Naturarvet"	2015	50	"Naturarvet-1074188499261547"
"Naturskyddsföreningen"	2015	14	"naturskyddsforeningen-10152903704026609"
"Neuroförbundet"	2015	352	"neurosweden-735257493236246"
"New Hope<tcomma> Reseindustrins Barnfond"	2015	91	"reseindustrinsbarnfond-999829286763342"
"New Life Mission"	2015	84	"newlifemissionkenya-1111381575554216"
"Njurfonden"	2015	39	"Njurfonden-1605105419705474"
"Nordens Ark"	2015	296	"Nordensark-952588554799488"
"Nordisk Hjälp (Nordic Aid)"	2015	34	"nhjalp-869174269796768"
"Operation Smile Sverige"	2015	171	"operationsmilesverige-943455769010305"
"Örebro Stadsmission"	2015	78	"stadsmissioniorebro-422555421283328"
"Oxfam Sverige"	2015	67	"oxfamsverige-561111454028860"
"Palestinagrupperna i Sverige"	2015	117	"palestinagrupperna-10152696296560079"
"Parasport Sverige"	2015	61	"parasportSWE-994931357239809"
"Peace Parks Foundation Sweden"	2015	7	"PeaceParksFoundationSweden-802011896579258"
"Plan International Sverige"	2015	142	"PlanSverige-10153885218737004"
"PMU Interlife"	2015	108	"PMUfb-10153604791325767"
"Prostatacancerförbundet"	2015	76	"prostatacancerforbundetsverige-997213073665013"
"Psoriasisförbundet"	2015	138	"Psoriasisforbundet-10153890573242009"
"Rädda Barnen"	2015	143	"raddabarnen-10153227791126794"
"Räddningsmissionen"	2015	132	"raddningsmissionen-10152997870405345"
"Radiumhemmets Forskningsfonder"	2015	59	"radiumhemmetsforskningsfonder-930267810382622"
"Raoul Wallenberg Academy"	2015	218	"RaoulWallenbergAcademy-974162959321970"
"RBU"	2015	159	"rburiks-10152783406361020"
"Reach for Change"	2015	155	"reachforchangeorg-873854529348214"
"Reumatikerförbundet"	2015	230	"Reumatikerforbundet-968562559849958"
"RFSL"	2015	255	"rfsl.forbundet-10152767802377301"
"RFSU"	2015	215	"rfsu.se-1067918036571574"
"Right Livelihood Foundation"	2015	71	"rightlivelihood-10154094919139879"
"Riksförbundet FUB"	2015	275	"riksforbundet.fub-1001938499856341"
"Riksförbundet HjärtLung"	2015	115	"RiksforbundetHjartLung-908255579196095"
"Röda Korset"	2015	140	"rodakorset-974982732532354"
"Save the Orangutan-Sverige"	2015	137	"savetheorangutan.sverige-984896064863902"
"Schizofreniförbundet"	2015	1	"schizofreniforbundet-940722229305932"
"Scouterna"	2015	391	"scouterna-10153754815754392"
"Sjöräddningssällskapet"	2015	22	"sjoraddning-10153144924218939"
"Skåne Stadsmission"	2015	119	"skanestadsmission-859015110812496"
"SOS Barnbyar"	2015	133	"sosbarnbyar-1072737079412617"
"Sportfiskarna"	2015	97	"Sportfiskarna-909729099048256"
"Star for Life"	2015	30	"starforlifeofficial-10153350528254576"
"Stiftelsen Läxhjälpen"	2015	98	"Laxhjalpen-1210904268923494"
"Stockholms Stadsmission"	2015	151	"stadsmissionen-10153067839883071"
"Suicide Zero"	2015	175	"suicidezero-944819582247397"
"Svenska Afghanistankommittén"	2015	173	"Afghanistankommitten-10153008997642860"
"Svenska Celiakiförbundet"	2015	120	"celiakiforbundet-902044623151698"
"Svenska FN-förbundet"	2015	162	"FNforbundet-10153020732625825"
"Svenska Freds- och Skiljedomsföreningen"	2015	248	"svenskafreds-922812974433117"
"Svenska Hästars Värn"	2015	104	"SvenskaHastarsVarn-851004321656407"
"Svenska Läkare mot Kärnvapen"	2015	124	"SLMK.1981-1132731083409384"
"Svenska Livräddningssällskapet"	2015	166	"svenskalivraddningssallskapet-774708472576625"
"Sverige för UNHCR"	2015	227	"sverigeforunhcr-985340678177792"
"Sveriges Stadsmissioner"	2015	82	"sverigesstadsmissioner-520117124822083"
"Teach For Sweden"	2015	96	"TeachForSweden-867410386709652"
"Teskedsorden"	2015	232	"Teskedsorden-910008512373138"
"The Hunger Project Sverige"	2015	180	"thehungerprojectse-1239451256081284"
"The Perfect World Foundation"	2015	622	"ThePerfectWorld-1053287014681521"
"Tjejzonen"	2015	136	"Tjejzonen-1052193754808131"
"Tostan Sverige"	2015	14	"tostansverige-914108358613491"
"Ung Cancer"	2015	40	"ungcancer-905620442835617"
"Uppsala Stadsmission"	2015	170	"uppsalastadsmission-921527661226117"
"Världsnaturfonden WWF"	2015	157	"VarldsnaturfondenWWF-10153264012184530"
"Västerås stadsmission"	2015	62	"vasterasstadsmission-973775539301989"
"Vi-skogen"	2015	155	"viskogen-10153526487007211"
"WaterAid Sverige"	2015	255	"wateraidswe-10154133480904307"
"We Effect"	2015	107	"weeffect-10153030414196533"
"Wikimedia Sverige"	2015	84	"WikimediaSverige-10152968493622876"
"World Animal Protection Sverige"	2015	189	"WorldAnimalProtectionSverige-984071748282735"
"World<squote>s Children<squote>s Prize"	2015	158	"worldschildrensprize-927282124013171"
"Afrikagrupperna"	2016	235	"Afrikagrupperna-10156422008700696"
"Ågrenska"	2016	93	"agrenska.se-1254325991261930"
"Alzheimerfonden"	2016	207	"Alzheimerfonden-10154780741340786"
"Amref Flying Doctors Sverige"	2016	1	"AMREFNordic-1140776189268588"
"Anhörigas Riksförbund"	2016	11	"AnhorigasRiksforbund-638076109665075"
"Autism- och Aspergerförbundet"	2016	264	"autismaspergersverige-1169117776495865"
"Blomsterfonden"	2016	128	"Blomsterfonden-1025784147501676"
"Bröstcancerförbundet"	2016	11	"brostcancerforbundet-445177542359677"
"Cancer- och Allergifonden"	2016	157	"cancerochallergifonden-985419261577974"
"Cancerrehabfonden"	2016	210	"CancerRehabFonden-780596345413982"
"Childhood"	2016	162	"childhoodsverige-1372962082719376"
"Diabetesfonden"	2016	50	"Diabetesfonden-783885261744512"
"Diakonia"	2016	199	"diakonia.se-10155116124560260"
"Eskilstuna Stadsmission"	2016	197	"eskilstunastadsmission-621255148028636"
"Fonden för psykisk hälsa"	2016	2	"fondenforpsykiskhalsa-912316378837526"
"Föräldralösa Barn"	2016	77	"foraldralosabarn-905188539585072"
"Freezonen<tcomma> Kvinno-Tjej-och Brottsofferjour"	2016	70	"FreezonenKvinnoTjejochBrottsofferjour-889258854512533"
"Friluftsfrämjandet"	2016	232	"Friluftsframjandet-10154270407317207"
"Frisk & Fri - Riksföreningen mot ätstörningar"	2016	113	"friskfri-459984047521334"
"FRYSHUSET"	2016	153	"fryshuset-10157058302580048"
"GambiaGrupperna - Future In Our Hands"	2016	20	"gambiagrupperna-10154745286872518"
"Hjärnfonden"	2016	24	"hjarnfonden-10153359411768811"
"Hjärt-Lungfonden"	2016	164	"hjartlungfonden-10153957890268320"
"Hjärtebarnsfonden"	2016	58	"Hjartebarnsfonden-1131051390280241"
"Human Bridge"	2016	51	"humanbridge.se-764622093644488"
"IM Individuell Människohjälp"	2016	13	"imsweden.org-553074528182213"
"IndianChildren"	2016	41	"indianchildren-1201628003199170"
"Insamlingsstiftelsen Choice"	2016	96	"insamlingsstiftelsenchoice-1392951097384771"
"IOGT-NTO"	2016	86	"iogtnto-10153977773311289"
"Jontefonden"	2016	164	"jontefonden-626279457524327"
"Läkarmissionen"	2016	83	"Lakarmissionen-1041862512578710"
"Lepramissionen Sverige"	2016	50	"Lepramissionen-1175626929123808"
"MÄN"	2016	11	"organisationen.man-1021066654606779"
"Mattecentrum"	2016	14	"Mattecentrum-1028929197163715"
"Mind"	2016	67	"mindsweden-750367361731344"
"Muslim Aid Sweden"	2016	235	"MuslimAidSE-1730563303865786"
"MyRight- Empowers people with disabilities"	2016	176	"myrightse-1118584388259392"
"Naturarvet"	2016	84	"Naturarvet-1397830696897324"
"Neuroförbundet"	2016	354	"neurosweden-1022408344521158"
"New Hope<tcomma> Reseindustrins Barnfond"	2016	80	"reseindustrinsbarnfond-1021267747952829"
"New Life Mission"	2016	92	"newlifemissionkenya-1341639062528465"
"Njurfonden"	2016	46	"Njurfonden-1710422719173743"
"Nordens Ark"	2016	469	"Nordensark-1161346107257064"
"Nordisk Hjälp (Nordic Aid)"	2016	15	"nhjalp-995567227157471"
"Örebro Stadsmission"	2016	2	"stadsmissioniorebro-430069697198567"
"Parasport Sverige"	2016	59	"parasportSWE-1096977810368496"
"Peace Parks Foundation Sweden"	2016	3	"PeaceParksFoundationSweden-955265637920549"
"Prostatacancerförbundet"	2016	41	"prostatacancerforbundetsverige-1080484852004501"
"Psoriasisförbundet"	2016	149	"Psoriasisforbundet-10154631864737009"
"Radiumhemmets Forskningsfonder"	2016	55	"radiumhemmetsforskningsfonder-1208954699180597"
"Raoul Wallenberg Academy"	2016	317	"RaoulWallenbergAcademy-1082346991836899"
"RBU"	2016	11	"rburiks-10153207285051020"
"Reumatikerförbundet"	2016	257	"Reumatikerforbundet-1201949279844617"
"RFSU"	2016	278	"rfsu.se-1301639823199393"
"Right Livelihood Foundation"	2016	220	"rightlivelihood-10154378182389879"
"Schizofreniförbundet"	2016	3	"schizofreniforbundet-1317642584947226"
"Scouterna"	2016	556	"scouterna-10155084470344392"
"Sportfiskarna"	2016	1	"Sportfiskarna-1010721192282379"
"Star for Life"	2016	4	"starforlifeofficial-10153410479689576"
"Suicide Zero"	2016	166	"suicidezero-1008170612578960"
"Svenska Hästars Värn"	2016	80	"SvenskaHastarsVarn-1144562458967257"
"Sveriges Stadsmissioner"	2016	171	"sverigesstadsmissioner-583930721774056"
"Teach For Sweden"	2016	21	"TeachForSweden-895990053851685"
"Teskedsorden"	2016	189	"Teskedsorden-1400371146670203"
"The Hunger Project Sverige"	2016	16	"thehungerprojectse-1285689798124096"
"The Perfect World Foundation"	2016	232	"ThePerfectWorld-1129073200436235"
"Tjejzonen"	2016	4	"Tjejzonen-1216022685091903"
"Tostan Sverige"	2016	12	"tostansverige-1185727508118240"
"Vi-skogen"	2016	22	"viskogen-10153777748067211"
"War Child Sweden"	2016	88	"warchildsverige-117264002018830"
"We Effect"	2016	61	"weeffect-10153283840551533"
"World<squote>s Children<squote>s Prize"	2016	97	"worldschildrensprize-989420684465981"
"Afrikagrupperna"	2017	150	"Afrikagrupperna-10158102770135696"
"Ågrenska"	2017	75	"agrenska.se-1837228409638349"
"Alzheimerfonden"	2017	113	"Alzheimerfonden-10155233816740786"
"Autism- och Aspergerförbundet"	2017	64	"autismaspergersverige-1282086428532332"
"Blomsterfonden"	2017	86	"Blomsterfonden-1447050175375069"
"Cancer- och Allergifonden"	2017	110	"cancerochallergifonden-1409640319155864"
"Cancerrehabfonden"	2017	182	"CancerRehabFonden-867398210067128"
"Childhood"	2017	187	"childhoodsverige-1738335532848694"
"Diabetesfonden"	2017	59	"Diabetesfonden-1032317206901315"
"Diakonia"	2017	127	"diakonia.se-10155751405575260"
"Eskilstuna Stadsmission"	2017	153	"eskilstunastadsmission-862434777244004"
"Föräldralösa Barn"	2017	48	"foraldralosabarn-1058029797634278"
"Freezonen<tcomma> Kvinno-Tjej-och Brottsofferjour"	2017	87	"FreezonenKvinnoTjejochBrottsofferjour-1225275530910862"
"Friluftsfrämjandet"	2017	247	"Friluftsframjandet-10155767348542207"
"FRYSHUSET"	2017	126	"fryshuset-10158826001920048"
"GambiaGrupperna - Future In Our Hands"	2017	19	"gambiagrupperna-10156001599112518"
"Hand in Hand Sweden"	2017	85	"handinhandsweden-1261918720558823"
"Hjärt-Lungfonden"	2017	169	"hjartlungfonden-10155632840628320"
"Hjärtebarnsfonden"	2017	65	"Hjartebarnsfonden-1509196065799103"
"Human Bridge"	2017	57	"humanbridge.se-1148977845208909"
"Human Rights Watch Sweden"	2017	16	"HRWSweden-276310746218750"
"IndianChildren"	2017	52	"indianchildren-1884633704898593"
"Insamlingsstiftelsen Choice"	2017	54	"insamlingsstiftelsenchoice-1706909962655548"
"Jontefonden"	2017	221	"jontefonden-815123021973302"
"Läkarmissionen"	2017	57	"Lakarmissionen-1130589637039330"
"Lepramissionen Sverige"	2017	26	"Lepramissionen-1688798587806637"
"Muslim Aid Sweden"	2017	291	"MuslimAidSE-1950764195179028"
"MyRight- Empowers people with disabilities"	2017	127	"myrightse-1453751288076032"
"Naturarvet"	2017	74	"Naturarvet-1571536269526765"
"Neuroförbundet"	2017	259	"neurosweden-1234583409970316"
"New Hope<tcomma> Reseindustrins Barnfond"	2017	118	"reseindustrinsbarnfond-1636885439724387"
"New Life Mission"	2017	55	"newlifemissionkenya-2111789042180126"
"Njurfonden"	2017	52	"Njurfonden-1927545217461491"
"Nordens Ark"	2017	371	"Nordensark-1375796152478724"
"Nordisk Hjälp (Nordic Aid)"	2017	38	"nhjalp-1401499809897542"
"Peace Parks Foundation Sweden"	2017	108	"PeaceParksFoundationSweden-1316817018432074"
"Project Playground Sverige"	2017	64	"projplaygroundswe-124974428083128"
"Prostatacancerförbundet"	2017	78	"prostatacancerforbundetsverige-1645710215481959"
"Psoriasisförbundet"	2017	104	"Psoriasisforbundet-10155655243297009"
"Radiumhemmets Forskningsfonder"	2017	51	"radiumhemmetsforskningsfonder-1504994946243236"
"Raoul Wallenberg Academy"	2017	469	"RaoulWallenbergAcademy-1449573841780877"
"Reumatikerförbundet"	2017	251	"Reumatikerforbundet-1378529752186568"
"RFSU"	2017	251	"rfsu.se-1884041284959241"
"Right Livelihood Foundation"	2017	5	"rightlivelihood-10155414331999879"
"Schizofreniförbundet"	2017	2	"schizofreniforbundet-1576093895768759"
"Scouterna"	2017	589	"scouterna-10156875932974392"
"Stiftelsen Trygghetsboende Resele<tcomma> TRIF"	2017	20	"triffen-325147031214200"
"Suicide Zero"	2017	151	"suicidezero-1415811225148228"
"Svenska Hästars Värn"	2017	93	"SvenskaHastarsVarn-1496494910440675"
"Sveriges Stadsmissioner"	2017	105	"sverigesstadsmissioner-729115443922249"
"Teskedsorden"	2017	208	"Teskedsorden-1589856034388379"
"Tostan Sverige"	2017	17	"tostansverige-1777378175619834"
"War Child Sweden"	2017	2	"warchildsverige-1843013822613421"
"World<squote>s Children<squote>s Prize"	2017	80	"worldschildrensprize-1437123243029054"
"Afrikagrupperna"	2018	101	"Afrikagrupperna-10160033937070696"
"Ågrenska"	2018	80	"agrenska.se-2095285187166002"
"Asylrättscentrum"	2018	88	"sweref.org-749027258775357"
"Cancer- och Allergifonden"	2018	50	"cancerochallergifonden-2165874970199058"
"Cancerrehabfonden"	2018	158	"CancerRehabFonden-1097214237085523"
"Diabetesfonden"	2018	34	"Diabetesfonden-1396397377159961"
"Föräldralösa Barn"	2018	36	"foraldralosabarn-1473204649450122"
"Freezonen<tcomma> Kvinno-Tjej-och Brottsofferjour"	2018	83	"FreezonenKvinnoTjejochBrottsofferjour-1591468650958213"
"Friluftsfrämjandet"	2018	65	"Friluftsframjandet-10155887066612207"
"FRYSHUSET"	2018	210	"fryshuset-10160770559165048"
"GambiaGrupperna - Future In Our Hands"	2018	19	"gambiagrupperna-10156529727382518"
"Hand in Hand Sweden"	2018	100	"handinhandsweden-1710258252391532"
"Hjärtebarnsfonden"	2018	50	"Hjartebarnsfonden-1741962732522434"
"Human Bridge"	2018	54	"humanbridge.se-1698324966940858"
"IndianChildren"	2018	85	"indianchildren-2082199738475321"
"Insamlingsstiftelsen Choice"	2018	48	"insamlingsstiftelsenchoice-2248249055188300"
"Jontefonden"	2018	410	"jontefonden-1185653518253582"
"Läkare Mot AIDS Forskningsfond"	2018	19	"aidsfond.se-2119577458131236"
"Latinamerikagrupperna / SAL"	2018	81	"Latinamerikagrupperna-2395633247117879"
"Lepramissionen Sverige"	2018	1	"Lepramissionen-1774122959274199"
"Muslim Aid Sweden"	2018	90	"MuslimAidSE-2141844062737706"
"MyRight- Empowers people with disabilities"	2018	97	"myrightse-1713656892085469"
"Naturarvet"	2018	55	"Naturarvet-1980217711991950"
"Neuroförbundet"	2018	190	"neurosweden-1612027355559251"
"New Hope<tcomma> Reseindustrins Barnfond"	2018	139	"reseindustrinsbarnfond-1705069776239286"
"New Life Mission"	2018	71	"newlifemissionkenya-2519106074781752"
"Nordens Ark"	2018	368	"Nordensark-1879405348784466"
"Peace Parks Foundation Sweden"	2018	149	"PeaceParksFoundationSweden-1623725151074591"
"Project Playground Sverige"	2018	30	"projplaygroundswe-237505473496689"
"Prostatacancerförbundet"	2018	106	"prostatacancerforbundetsverige-1918249994894645"
"Radiumhemmets Forskningsfonder"	2018	60	"radiumhemmetsforskningsfonder-1998124760263583"
"Raoul Wallenberg Academy"	2018	223	"RaoulWallenbergAcademy-1841402819264642"
"Schizofreniförbundet"	2018	2	"schizofreniforbundet-1824172960960850"
"Scouterna"	2018	513	"scouterna-10157368898544392"
"Spädbarnsfonden"	2018	128	"spadbarnsfonden-1975366439189047"
"Stiftelsen Trygghetsboende Resele<tcomma> TRIF"	2018	24	"triffen-653701655025401"
"Suicide Zero"	2018	151	"suicidezero-1816057321790281"
"Svenska Hästars Värn"	2018	74	"SvenskaHastarsVarn-2023316424425185"
"Teskedsorden"	2018	177	"Teskedsorden-2292827797424529"
"Tostan Sverige"	2018	86	"tostansverige-2141131015911213"
"Ågrenska"	2019	101	"agrenska.se-533993484000605"
"Asylrättscentrum"	2019	90	"sweref.org-978599435818137"
"Cancer- och Allergifonden"	2019	58	"cancerochallergifonden-2435584726561413"
"Cancerrehabfonden"	2019	162	"CancerRehabFonden-1504383736368569"
"ChemSec"	2019	18	"ChemSecSweden-507113673405092"
"Föräldralösa Barn"	2019	54	"foraldralosabarn-2415679841869260"
"Freezonen<tcomma> Kvinno-Tjej-och Brottsofferjour"	2019	16	"FreezonenKvinnoTjejochBrottsofferjour-1712351088869968"
"FRYSHUSET"	2019	7	"fryshuset-10161348755405048"
"GambiaGrupperna - Future In Our Hands"	2019	28	"gambiagrupperna-10157378185707518"
"Hand in Hand Sweden"	2019	106	"handinhandsweden-2324179607666057"
"Human Bridge"	2019	65	"humanbridge.se-2187444251362258"
"IndianChildren"	2019	110	"indianchildren-2624524337576189"
"Insamlingsstiftelsen Choice"	2019	64	"insamlingsstiftelsenchoice-2915330281813504"
"Jontefonden"	2019	319	"jontefonden-1407492562736342"
"Läkare Mot AIDS Forskningsfond"	2019	22	"aidsfond.se-2797126433709665"
"Latinamerikagrupperna / SAL"	2019	204	"Latinamerikagrupperna-2936438543037344"
"Muslim Aid Sweden"	2019	65	"MuslimAidSE-2313819512206826"
"MyRight- Empowers people with disabilities"	2019	109	"myrightse-2172317562886064"
"Naturarvet"	2019	29	"Naturarvet-2654290587917989"
"New Hope<tcomma> Reseindustrins Barnfond"	2019	134	"reseindustrinsbarnfond-2357110167701907"
"New Life Mission"	2019	88	"newlifemissionkenya-3314040405288311"
"Nordens Ark"	2019	143	"Nordensark-2253524338039230"
"Peace Parks Foundation Sweden"	2019	136	"PeaceParksFoundationSweden-2334395950007504"
"Project Playground Sverige"	2019	4	"projplaygroundswe-494594457787788"
"Radiumhemmets Forskningsfonder"	2019	20	"radiumhemmetsforskningsfonder-2291411680934888"
"RESCUE - Sverige"	2019	28	"RESCUE.SE-145705510151005"
"Schizofreniförbundet"	2019	16	"schizofreniforbundet-2795696940475109"
"Spädbarnsfonden"	2019	247	"spadbarnsfonden-2180895098636179"
"Stiftelsen Trygghetsboende Resele<tcomma> TRIF"	2019	20	"triffen-915861948809369"
"Suicide Zero"	2019	12	"suicidezero-2213695872026422"
"Svenska Hästars Värn"	2019	69	"SvenskaHastarsVarn-2102404506516376"
"Teskedsorden"	2019	7	"Teskedsorden-2629493590424613"
"Tostan Sverige"	2019	76	"tostansverige-2417193694971609"
"Ågrenska"	2020	65	"agrenska.se-3426637537364087"
"Asylrättscentrum"	2020	84	"sweref.org-1081766915501388"
"Cancer- och Allergifonden"	2020	72	"cancerochallergifonden-3241859845933893"
"Cancerrehabfonden"	2020	69	"CancerRehabFonden-1714537542019853"
"ChemSec"	2020	22	"ChemSecSweden-760958544687269"
"Föräldralösa Barn"	2020	6	"foraldralosabarn-2477722345665009"
"GambiaGrupperna - Future In Our Hands"	2020	17	"gambiagrupperna-10158795050247518"
"Hand in Hand Sweden"	2020	6	"handinhandsweden-2726674937416520"
"Human Bridge"	2020	44	"humanbridge.se-3030855660354442"
"IndianChildren"	2020	54	"indianchildren-3666218883406724"
"Insamlingsstiftelsen Choice"	2020	49	"insamlingsstiftelsenchoice-3100971866582677"
"Jontefonden"	2020	311	"jontefonden-1552675954884668"
"Läkare Mot AIDS Forskningsfond"	2020	13	"aidsfond.se-3245870878835216"
"Latinamerikagrupperna / SAL"	2020	10	"Latinamerikagrupperna-3231931280154734"
"Lepramissionen Sverige"	2020	7	"Lepramissionen-3146276528725495"
"Muslim Aid Sweden"	2020	102	"MuslimAidSE-2682571205331653"
"MyRight- Empowers people with disabilities"	2020	67	"myrightse-3410358135748661"
"Naturarvet"	2020	18	"Naturarvet-3491705044176535"
"New Hope<tcomma> Reseindustrins Barnfond"	2020	73	"reseindustrinsbarnfond-3056225567790360"
"New Life Mission"	2020	39	"newlifemissionkenya-4211558025536540"
"Peace Parks Foundation Sweden"	2020	98	"PeaceParksFoundationSweden-2906196882827405"
"Project Playground Sverige"	2020	1	"projplaygroundswe-754593968454501"
"Radiumhemmets Forskningsfonder"	2020	32	"radiumhemmetsforskningsfonder-3382597151816330"
"RESCUE - Sverige"	2020	78	"RESCUE.SE-267043244683897"
"Schizofreniförbundet"	2020	38	"schizofreniforbundet-3492952740749522"
"Spädbarnsfonden"	2020	19	"spadbarnsfonden-2762406810485002"
"Stiftelsen Trygghetsboende Resele<tcomma> TRIF"	2020	29	"triffen-1095078267554402"
"Svenska Hästars Värn"	2020	10	"SvenskaHastarsVarn-3300652416691573"
"Tostan Sverige"	2020	19	"tostansverige-3131510420206596"
